hidden_class,nfkb_inhibitor,proteasome_inhibitor,cyclooxygenase_inhibitor,dopamine_receptor_antagonist,serotonin_receptor_antagonist,dna_inhibitor,glutamate_receptor_antagonist,adrenergic_receptor_antagonist,cdk_inhibitor,egfr_inhibitor,tubulin_inhibitor,acetylcholine_receptor_antagonist
[0.5705306695722291],[0.031199439625212357],[0.00016562235549093216],[0.08787061923778416],[0.08425542076410074],[0.08122397751108353],[0.07896965831666343],[0.07702262174589375],[0.07606217675995916],[0.018846650713493222],[0.02036638764602731],[0.0220757058464224],[0.06545015368981305]
